Femur;Morphotype;Genus;Clade
HUE-930;LoHueco_1;LoHueco_1;Lithostrotia
HUE-1366;LoHueco_1;LoHueco_1;Lithostrotia
HUE-1508;LoHueco_1;LoHueco_1;Lithostrotia
HUE-1521;LoHueco_1;LoHueco_1;Lithostrotia
HUE-2338;LoHueco_1;LoHueco_1;Lithostrotia
HUE-2420;LoHueco_1;LoHueco_1;Lithostrotia
HUE-2636;LoHueco_1;LoHueco_1;Lithostrotia
HUE-2903;LoHueco_1;LoHueco_1;Lithostrotia
HUE-3108;LoHueco_1;LoHueco_1;Lithostrotia
HUE-8801;LoHueco_1;LoHueco_1;Lithostrotia
HUE-1183;LoHueco_2;LoHueco_2;Lithostrotia
HUE-594;LoHueco_2;LoHueco_2;Lithostrotia
HUE-1187;LoHueco_2;LoHueco_2;Lithostrotia
HUE-1316;LoHueco_2;LoHueco_2;Lithostrotia
HUE-1319;LoHueco_2;LoHueco_2;Lithostrotia
HUE-1357;LoHueco_2;LoHueco_2;Lithostrotia
HUE-3237;LoHueco_2;LoHueco_2;Lithostrotia
HUE-3583;LoHueco_2;LoHueco_2;Lithostrotia
HUE-1590;LoHueco_2;LoHueco_2;Lithostrotia
MPCA-Pv-27177;Aeolosaurus_sp;Aeolosaurus;Aeolosaurini
MPCA-460-1;Bonitasaura_salgadoi;Bonitasaura;Lithostrotia
MCS-5-27;Neuquensaurus_australis;Neuquensaurus;Saltasauridae
MCS-5-28;Neuquensaurus_australis;Neuquensaurus;Saltasauridae
MLP-CS-1118;Neuquensaurus_australis;Neuquensaurus;Saltasauridae
MLP-CS-1122;Neuquensaurus_australis;Neuquensaurus;Saltasauridae
MLP-CS-2005;Neuquensaurus_australis;Neuquensaurus;Saltasauridae
MCS-9;Neuquensaurus_robustus;Neuquensaurus;Saltasauridae
MLP-CS-1480;Neuquensaurus_robustus;Neuquensaurus;Saltasauridae
MLP-CS-1125;Neuquensaurus_robustus;Neuquensaurus;Saltasauridae
MACN-6804-49;Antarctosaurus_wichmannianus;Antarctosaurus;Titanosauria
MACN-Pv-RN-821-1;Bonatitan_reigi;Bonatitan;Lithostrotia
PVL-4628;Elaltitan_lilloi;Elaltitan;Lithostrotia
NHM-R5903;Jainosaurus_cfSeptentrionalis;Jainosaurus;Titanosauria
IANIGLA-73-1;Mendozasaurus_neguyelap;Mendozasaurus;Colossosauria
MCF-PHV-261-12;Ligabuesaurus_leanzai;Ligabuesaurus;Somphospondyli
MCNA-7468;Lirainosaurus_astibiae;Lirainosaurus;Lithostrotia
MCNA-3160;Lirainosaurus_astibiae;Lirainosaurus;Lithostrotia
MCNA-1817;Lirainosaurus_astibiae;Lirainosaurus;Lithostrotia
PVL-4017-79;Saltasaurus_loricatus;Saltasaurus;Saltasauridae
PVL-4017-80;Saltasaurus_loricatus;Saltasaurus;Saltasauridae
PVL-4017-82;Saltasaurus_loricatus;Saltasaurus;Saltasauridae
PVL-4017-83;Saltasaurus_loricatus;Saltasaurus;Saltasauridae
MAU-PV-89;Muyelensaurus_pecheni;Muyelensaurus;Colossosauria
MAU-PV-258;Muyelensaurus_pecheni;Muyelensaurus;Colossosauria
MAU-PV-389;Muyelensaurus_pecheni;Muyelensaurus;Colossosauria
MAU-PV-N-425;Narambuenatitan_palomoi;Narambuenatitan;Lithostrotia
MAU-PV-449-8;Petrobrasaurus_puestohernandezi;Petrobrasaurus;Titanosauria
MAU-PV-449-7;Petrobrasaurus_puestohernandezi;Petrobrasaurus;Titanosauria
MAU-PV-CRS-92;Rinconsaurus_caudamirus;Rinconsaurus;Colossosauria
MAU-PV-CRS-49;Rinconsaurus_caudamirus;Rinconsaurus;Colossosauria
