Fibula;Morphotype;Genus;Clade
HUE-2426;LoHueco_1;LoHueco_1;Lithostrotia
HUE-3087;LoHueco_1;LoHueco_1;Lithostrotia
HUE-1175;LoHueco_1;LoHueco_1;Lithostrotia
HUE-1335;LoHueco_1;LoHueco_1;Lithostrotia
HUE-1377;LoHueco_1;LoHueco_1;Lithostrotia
HUE-1476;LoHueco_1;LoHueco_1;Lithostrotia
HUE-1513;LoHueco_1;LoHueco_1;Lithostrotia
HUE-1520;LoHueco_1;LoHueco_1;Lithostrotia
HUE-1570;LoHueco_1;LoHueco_1;Lithostrotia
HUE-2977;LoHueco_2;LoHueco_2;Lithostrotia
HUE-1612b;LoHueco_2;LoHueco_2;Lithostrotia
HUE-2669;LoHueco_2;LoHueco_2;Lithostrotia
HUE-2804;LoHueco_2;LoHueco_2;Lithostrotia
HUE-2806;LoHueco_2;LoHueco_2;Lithostrotia
HUE-1082;LoHueco_2;LoHueco_2;Lithostrotia
HUE-1146;LoHueco_2;LoHueco_2;Lithostrotia
HUE-1507;LoHueco_2;LoHueco_2;Lithostrotia
MPCA-Pv-27100-7;Aeolosaurus_sp;Aeolosaurus;Aeolosaurini
MPCA-467;Bonitasaura_salgadoi;Bonitasaura;Lithostrotia
MCS-5-26;Neuquensaurus_australis;Neuquensaurus;Saltasauridae
MLP-Ly-127;Neuquensaurus_australis;Neuquensaurus;Saltasauridae
MLP-CS-1265;Neuquensaurus_robustus;Neuquensaurus;Saltasauridae
MACN-6804-21;Antarctosaurus_wichmannianus;Antarctosaurus;Titanosauria
MACN-Pv-RN-821-4;Bonatitan_reigi;Bonatitan;Lithostrotia
PVL-4628;Elaltitan_lilloi;Elaltitan;Lithostrotia
NHM-R5903;Jainosaurus_cfSeptentrionalis;Jainosaurus;Titanosauria
IANIGLA-74-3;Mendozasaurus_neguyelap;Mendozasaurus;Colossosauria
MCF-PHV-233-18;Ligabuesaurus_leanzai;Ligabuesaurus;Somphospondyli
MCNA-7472;Lirainosaurus;Lirainosaurus;Lithostrotia
MCNA-9410;Lirainosaurus;Lirainosaurus;Lithostrotia
MCNA-14471;Lirainosaurus;Lirainosaurus;Lithostrotia
PVL-4017-85;Saltasaurus_loricatus;Saltasaurus;Saltasauridae
PVL-4017-89;Saltasaurus_loricatus;Saltasaurus;Saltasauridae
MAU-PV-426;Muyelensaurus_pecheni;Muyelensaurus;Colossosauria
MAU-PV-90;Muyelensaurus_pecheni;Muyelensaurus;Colossosauria
MAU-PV-245;Muyelensaurus_pecheni;Muyelensaurus;Colossosauria
MCF-PVH-1;Argentinosaurus_huinculensis;Argentinosaurus;Colossosauria
