Humerus;Morphotype;Genus;Clade
HUE-817;LoHueco_1;LoHueco_1;Lithostrotia
HUE-XXYY;LoHueco_1;LoHueco_1;Lithostrotia
HUE-2356;LoHueco_1;LoHueco_1;Lithostrotia
HUE-3196;LoHueco_1;LoHueco_1;Lithostrotia
HUE-1647;LoHueco_2;LoHueco_2;Lithostrotia
HUE-3829;LoHueco_2;LoHueco_2;Lithostrotia
HUE-4208;LoHueco_2;LoHueco_2;Lithostrotia
HUE-4343;LoHueco_2;LoHueco_2;Lithostrotia
HUE-4522;LoHueco_2;LoHueco_2;Lithostrotia
HUE-4828;LoHueco_2;LoHueco_2;Lithostrotia
HUE-3228;LoHueco_2;LoHueco_2;Lithostrotia
MPCA-Pv-27100-5;Aeolosaurus_sp;Aeolosaurus;Aeolosaurini
MLP-CS-1050;Neuquensaurus_australis;Neuquensaurus;Saltasauridae
MLP-CS-1479;Neuquensaurus_australis;Neuquensaurus;Saltasauridae
MLP-Ly-25;Neuquensaurus_australis;Neuquensaurus;Saltasauridae
MLP-CS-1019;Neuquensaurus_australis;Neuquensaurus;Saltasauridae
MLP-CS-1049;Neuquensaurus_australis;Neuquensaurus;Saltasauridae
MLP-CS-1099;Neuquensaurus_australis;Neuquensaurus;Saltasauridae
MLP-CS-1100;Neuquensaurus_australis;Neuquensaurus;Saltasauridae
MLP-CS-1058;Neuquensaurus_australis;Neuquensaurus;Saltasauridae
MCS-8;Neuquensaurus_robustus;Neuquensaurus;Saltasauridae
MCNA-6804;Antarctosaurus_wichmannianus;Antarctosaurus;Titanosauria
MACN-Pv-RN-821-3;Bonatitan_reigi;Bonatitan;Lithostrotia
PVL-4628;Elaltitan_lilloi;Elaltitan;Lithostrotia
NHM-R5903;Jainosaurus_cfSeptentrionalis;Jainosaurus;Titanosauria
IANIGLA-69-1;Mendozasaurus_neguyelap;Mendozasaurus;Colossosauria
MCF-PHV-233-10;Ligabuesaurus_leanzai;Ligabuesaurus;Somphospondyli
MCNA-7462;Lirainosaurus_astibiae;Lirainosaurus;Lithostrotia
MCNA-7463;Lirainosaurus_astibiae;Lirainosaurus;Lithostrotia
MCNA-7464;Lirainosaurus_astibiae;Lirainosaurus;Lithostrotia
PVL-4017-62;Saltasaurus_loricatus;Saltasaurus;Saltasauridae
PVL-4017-65;Saltasaurus_loricatus;Saltasaurus;Saltasauridae
PVL-4017-66;Saltasaurus_loricatus;Saltasaurus;Saltasauridae
PVL-4017-69;Saltasaurus_loricatus;Saltasaurus;Saltasauridae
PVL-4017-70;Saltasaurus_loricatus;Saltasaurus;Saltasauridae
MAU-PV-70;Muyelensaurus_pecheni;Muyelensaurus;Colossosauria
MAU-PV-132;Muyelensaurus_pecheni;Muyelensaurus;Colossosauria
MAU-PV-352;Muyelensaurus_pecheni;Muyelensaurus;Colossosauria
MAU-PV-357;Muyelensaurus_pecheni;Muyelensaurus;Colossosauria
MAU-PV-427;Muyelensaurus_pecheni;Muyelensaurus;Colossosauria
MAU-PV-CRS-47;Rinconsaurus_caudamirus;Rinconsaurus;Colossosauria
MAU-PV-N-425;Narambuenatitan_palomoi;Narambuenatitan;Lithostrotia
MAU-PV-449;Petrobrasaurus_puestohernandezi;Petrobrasaurus;Titanosauria
UNCUYO-LD-301;Notocolossus_gonzalezparejasi;Notocolossus;Colossosauria
