Radius;Morphotype;Genus;Clade
HUE-2711;LoHueco_1;LoHueco_1;Lithostrotia
HUE-1140;LoHueco_1;LoHueco_1;Lithostrotia
HUE-1340;LoHueco_1;LoHueco_1;Lithostrotia
HUE-1166;LoHueco_2;LoHueco_2;Lithostrotia
MPCA-Pv-27174;Aeolosaurus_sp;Aeolosaurus;Aeolosaurini
MLP-CS-1176;Neuquensaurus_australis;Neuquensaurus;Saltasauridae
MLP-CS-1167;Neuquensaurus_australis;Neuquensaurus;Saltasauridae
MLP-CS-1169;Neuquensaurus_australis;Neuquensaurus;Saltasauridae
MLP-CS-1173;Neuquensaurus_australis;Neuquensaurus;Saltasauridae
MLP-CS-1172;Neuquensaurus_australis;Neuquensaurus;Saltasauridae
PVL-4628;Elaltitan_lilloi;Elaltitan;Lithostrotia
IANIGLA-70-1;Mendozasaurus_neguyelap;Mendozasaurus;Colossosauria
PVL-4017-76;Saltasaurus_loricatus;Saltasaurus;Saltasauridae
PVL-4017-77;Saltasaurus_loricatus;Saltasaurus;Saltasauridae
PVL-4017-78;Saltasaurus_loricatus;Saltasaurus;Saltasauridae
PVL-4017-208;Saltasaurus_loricatus;Saltasaurus;Saltasauridae
MAU-PV-77;Muyelensaurus_pecheni;Muyelensaurus;Colossosauria
MAU-PV-139;Muyelensaurus_pecheni;Muyelensaurus;Colossosauria
