Tibia;Morphotype;Genus;Clade
HUE-2425;LoHueco_1;LoHueco_1;Lithostrotia
HUE-3082;LoHueco_1;LoHueco_1;Lithostrotia
HUE-2799;LoHueco_1;LoHueco_1;Lithostrotia
HUE-1573;LoHueco_1;LoHueco_1;Lithostrotia
HUE-1165;LoHueco_1;LoHueco_1;Lithostrotia
HUE-1410;LoHueco_1;LoHueco_1;Lithostrotia
HUE-2669;LoHueco_1;LoHueco_1;Lithostrotia
HUE-4344;LoHueco_1;LoHueco_1;Lithostrotia
HUE-4404;LoHueco_1;LoHueco_1;Lithostrotia
HUE-4632;LoHueco_1;LoHueco_1;Lithostrotia
HUE-1612a;LoHueco_2;LoHueco_2;Lithostrotia
HUE-1149;LoHueco_2;LoHueco_2;Lithostrotia
HUE-1500;LoHueco_2;LoHueco_2;Lithostrotia
HUE-2117;LoHueco_2;LoHueco_2;Lithostrotia
HUE-4055;LoHueco_2;LoHueco_2;Lithostrotia
MPCA-Pv-27100-8;Aeolosaurus_sp;Aeolosaurus;Aeolosaurini
MPCA-467-2;Bonitasaura_salgadoi;Bonitasaura;Lithostrotia
MPCA-468;Bonitasaura_salgadoi;Bonitasaura;Lithostrotia
MCS-5-25;Neuquensaurus_australis;Neuquensaurus;Saltasauridae
MLP-CS-1123;Neuquensaurus_australis;Neuquensaurus;Saltasauridae
MLP-CS-1093;Neuquensaurus_australis;Neuquensaurus;Saltasauridae
MLP-CS-1264;Neuquensaurus_robustus;Neuquensaurus;Saltasauridae
MCS-6;Neuquensaurus_robustus;Neuquensaurus;Saltasauridae
MACN-6804-22;Antarctosaurus_wichmannianus;Antarctosaurus;Titanosauria
MACN-Pv-RN-821-5;Bonatitan_reigi;Bonatitan;Lithostrotia
PVL-4628;Elaltitan_lilloi;Elaltitan;Lithostrotia
NHM-R5903;Jainosaurus_cfSeptentrionalis;Jainosaurus;Titanosauria
IANIGLA-73-2;Mendozasaurus_neguyelap;Mendozasaurus;Colossosauria
MCF-PHV-233-18;Ligabuesaurus_leanzai;Ligabuesaurus;Somphospondyli
MCNA-13860;Lirainosaurus_astibiae;Lirainosaurus;Lithostrotia
PVL-4017-46;Saltasaurus_loricatus;Saltasaurus;Saltasauridae
PVL-4017-84;Saltasaurus_loricatus;Saltasaurus;Saltasauridae
PVL-4017-87;Saltasaurus_loricatus;Saltasaurus;Saltasauridae
PVL-4017-88;Saltasaurus_loricatus;Saltasaurus;Saltasauridae
MAU-PV-162;Muyelensaurus_pecheni;Muyelensaurus;Colossosauria
MAU-PV-430;Muyelensaurus_pecheni;Muyelensaurus;Colossosauria
MAU-PV-161;Muyelensaurus_pecheni;Muyelensaurus;Colossosauria
MAU-PV-499;Petrobrasaurus_puestohernandezi;Petrobrasaurus;Titanosauria
