Ulna;Morphotype;Genus;Clade
HUE-964;LoHueco_1;LoHueco_1;Lithostrotia
HUE-3044;LoHueco_1;LoHueco_1;Lithostrotia
HUE-G1-C-187;LoHueco_1;LoHueco_1;Lithostrotia
HUE-1103;LoHueco_1;LoHueco_1;Lithostrotia
HUE-1137;LoHueco_1;LoHueco_1;Lithostrotia
HUE-2865;LoHueco_1;LoHueco_1;Lithostrotia
HUE-3462;LoHueco_2;LoHueco_2;Lithostrotia
HUE-4357;LoHueco_2;LoHueco_2;Lithostrotia
HUE-1158;LoHueco_2;LoHueco_2;Lithostrotia
HUE-1338;LoHueco_2;LoHueco_2;Lithostrotia
MPCA-Pv-27174;Aeolosaurus_sp;Aeolosaurus;Aeolosaurini
MPCA-Pv-27175-1;Aeolosaurus_sp;Aeolosaurus;Aeolosaurini
MPCA-Pv-27180;Aeolosaurus_sp;Aeolosaurus;Aeolosaurini
MLP-CS-1306;Neuquensaurus_australis;Neuquensaurus;Saltasauridae
MLP-CS-1058;Neuquensaurus_australis;Neuquensaurus;Saltasauridae
MLP-CS-1305;Neuquensaurus_australis;Neuquensaurus;Saltasauridae
MLP-CS-1094;Neuquensaurus_robustus;Neuquensaurus;Saltasauridae
MLP-CS-1095;Neuquensaurus_robustus;Neuquensaurus;Saltasauridae
PVL-4628;Elaltitan_lilloi;Elaltitan;Lithostrotia
IANIGLA-70-1;Mendozasaurus_neguyelap;Mendozasaurus;Colossosauria
PVL-4017-72;Saltasaurus_loricatus;Saltasaurus;Saltasauridae
PVL-4017-74;Saltasaurus_loricatus;Saltasaurus;Saltasauridae
PVL-4017-75;Saltasaurus_loricatus;Saltasaurus;Saltasauridae
PVL-4017-152;Saltasaurus_loricatus;Saltasaurus;Saltasauridae
MAU-PV-243;Muyelensaurus_pecheni;Muyelensaurus;Colossosauria
MAU-PV-72;Muyelensaurus_pecheni;Muyelensaurus;Colossosauria
MAU-PV-N-425;Narambuenatitan_palomoi;Narambuenatitan;Lithostrotia
